{
  "lock": false,
  "tasks": {
    "check": "deno fmt --check && deno lint && deno check **/*.ts && deno check **/*.tsx",
    "cli": "echo \"import '\\$fresh/src/dev/cli.ts'\" | deno run --unstable -A -",
    "manifest": "deno task cli manifest $(pwd)",
    "start": "deno run -A --watch=static/,routes/ dev.ts",
    "build": "deno run -A dev.ts build",
    "preview": "deno run -A main.ts",
    "update": "deno run -A -r https://fresh.deno.dev/update ."
  },
  "lint": {
    "rules": {
      "tags": [
        "fresh",
        "recommended"
      ]
    }
  },
  "exclude": [
    "**/_fresh/*"
  ],
  "imports": {
    "$fresh/": "https://deno.land/x/fresh@1.7.3/",
    "preact": "https://esm.sh/preact@10.22.0",
    "preact/": "https://esm.sh/preact@10.22.0/",
    "@preact/signals": "https://esm.sh/*@preact/signals@1.2.2",
    "@preact/signals-core": "https://esm.sh/*@preact/signals-core@1.5.1",
    "$std/": "https://deno.land/std@0.216.0/",
    "axios": "npm:axios@1.6.2"
  },
  "compilerOptions": {
    "jsx": "react-jsx",
    "jsxImportSource": "preact"
  }
}
